{"cameraMode":{"drawMode":0,"name":"Shaded","section":"Shading Mode"},"sceneLighting":true,"audioPlay":false,"sceneViewState":{"showFog":false,"showMaterialUpdate":false,"showSkybox":false,"showFlares":false,"showImageEffects":false,"showParticleSystems":false},"in2DMode":false,"pivot":{"x":-1.869849443435669,"y":3.4589617252349855,"z":-125.84382629394531},"rotation":{"x":0.5447461605072022,"y":-0.3722159266471863,"z":0.29301491379737856,"w":0.6919891834259033},"size":16.76689910888672,"orthographic":true}