{"cameraMode":{"drawMode":0,"name":"Shaded","section":"Shading Mode"},"sceneLighting":true,"audioPlay":false,"sceneViewState":{"showFog":true,"showMaterialUpdate":false,"showSkybox":true,"showFlares":true,"showImageEffects":true,"showParticleSystems":true},"in2DMode":false,"pivot":{"x":-0.3574007451534271,"y":0.6924698948860169,"z":-143.57171630859376},"rotation":{"x":0.061249684542417529,"y":-0.9291194677352905,"z":0.17916998267173768,"w":0.3176218271255493},"size":1.659887433052063,"orthographic":true}