{"cameraMode":{"drawMode":0,"name":"Shaded","section":"Shading Mode"},"sceneLighting":false,"audioPlay":false,"sceneViewState":{"showFog":true,"showMaterialUpdate":false,"showSkybox":false,"showFlares":true,"showImageEffects":true,"showParticleSystems":true},"in2DMode":false,"pivot":{"x":1.2378274202346802,"y":0.25775185227394106,"z":-8.222570419311524},"rotation":{"x":-0.39016348123550417,"y":-0.0022123651579022409,"z":0.0009380726842209697,"w":-0.9207440614700317},"size":0.7698577642440796,"orthographic":false}