{"cameraMode":{"drawMode":0,"name":"Shaded","section":"Shading Mode"},"sceneLighting":false,"audioPlay":false,"sceneViewState":{"showFog":false,"showMaterialUpdate":false,"showSkybox":false,"showFlares":false,"showImageEffects":false,"showParticleSystems":false},"in2DMode":false,"pivot":{"x":3.168391227722168,"y":0.6200000047683716,"z":2.4953503608703615},"rotation":{"x":0.18123416602611543,"y":0.08896730095148087,"z":-0.016465269029140474,"w":0.9792709946632385},"size":32.69938278198242,"orthographic":true}