{"cameraMode":{"drawMode":0,"name":"Shaded","section":"Shading Mode"},"sceneLighting":false,"audioPlay":false,"sceneViewState":{"showFog":true,"showMaterialUpdate":false,"showSkybox":false,"showFlares":true,"showImageEffects":true,"showParticleSystems":true},"in2DMode":false,"pivot":{"x":0.03705868124961853,"y":0.5,"z":0.08595770597457886},"rotation":{"x":0.6432765126228333,"y":-0.017909325659275056,"z":0.015054027549922467,"w":0.7652767300605774},"size":1.1119271516799927,"orthographic":false}