{"cameraMode":{"drawMode":0,"name":"Shaded","section":"Shading Mode"},"sceneLighting":true,"audioPlay":false,"sceneViewState":{"showFog":false,"showMaterialUpdate":false,"showSkybox":false,"showFlares":false,"showImageEffects":false,"showParticleSystems":false},"in2DMode":false,"pivot":{"x":1.4703211784362794,"y":-0.12000012397766113,"z":-33.637542724609378},"rotation":{"x":0.3366658389568329,"y":0.1907896101474762,"z":-0.06985942274332047,"w":0.9194444417953491},"size":8.696806907653809,"orthographic":true}