{"cameraMode":{"drawMode":0,"name":"Shaded","section":"Shading Mode"},"sceneLighting":true,"audioPlay":false,"sceneViewState":{"showFog":true,"showMaterialUpdate":false,"showSkybox":true,"showFlares":true,"showImageEffects":true,"showParticleSystems":true},"in2DMode":false,"pivot":{"x":-1.8095364570617676,"y":-8.477508544921875,"z":-156.48492431640626},"rotation":{"x":0.01723594032227993,"y":0.9735443592071533,"z":-0.07844013720750809,"w":0.21392035484313966},"size":0.33059248328208926,"orthographic":true}