{"cameraMode":{"drawMode":0,"name":"Shaded","section":"Shading Mode"},"sceneLighting":true,"audioPlay":false,"sceneViewState":{"showFog":true,"showMaterialUpdate":false,"showSkybox":true,"showFlares":true,"showImageEffects":true,"showParticleSystems":true},"in2DMode":false,"pivot":{"x":-0.28387492895126345,"y":4.560548305511475,"z":-144.08840942382813},"rotation":{"x":0.14663846790790559,"y":-0.13163885474205018,"z":0.01969338394701481,"w":0.9801942110061646},"size":9.724306106567383,"orthographic":true}