{"cameraMode":{"drawMode":0,"name":"Shaded","section":"Shading Mode"},"sceneLighting":true,"audioPlay":false,"sceneViewState":{"showFog":true,"showMaterialUpdate":false,"showSkybox":true,"showFlares":true,"showImageEffects":true,"showParticleSystems":true},"in2DMode":false,"pivot":{"x":-5.490586757659912,"y":13.549829483032227,"z":-142.681396484375},"rotation":{"x":-0.23397506773471833,"y":0.04285188764333725,"z":-0.010322900488972664,"w":-0.9712457060813904},"size":15.711465835571289,"orthographic":true}