{"cameraMode":{"drawMode":0,"name":"Shaded","section":"Shading Mode"},"sceneLighting":false,"audioPlay":false,"sceneViewState":{"showFog":false,"showMaterialUpdate":false,"showSkybox":false,"showFlares":false,"showImageEffects":false,"showParticleSystems":false},"in2DMode":false,"pivot":{"x":2.2367846965789797,"y":0.9722142219543457,"z":0.38214290142059328},"rotation":{"x":0.2550804913043976,"y":0.4036308526992798,"z":-0.11825352907180786,"w":0.8706536293029785},"size":1.903052568435669,"orthographic":false}