{"cameraMode":{"drawMode":0,"name":"Shaded","section":"Shading Mode"},"sceneLighting":true,"audioPlay":false,"sceneViewState":{"showFog":false,"showMaterialUpdate":false,"showSkybox":false,"showFlares":false,"showImageEffects":false,"showParticleSystems":false},"in2DMode":false,"pivot":{"x":-3.5339345932006838,"y":-27.77798080444336,"z":20.075803756713868},"rotation":{"x":0.5289208292961121,"y":-0.012729104608297348,"z":0.007934465073049069,"w":0.8485394716262817},"size":98.08979034423828,"orthographic":false}