{"cameraMode":{"drawMode":0,"name":"Shaded","section":"Shading Mode"},"sceneLighting":false,"audioPlay":false,"sceneViewState":{"showFog":false,"showMaterialUpdate":false,"showSkybox":false,"showFlares":false,"showImageEffects":false,"showParticleSystems":false},"in2DMode":false,"pivot":{"x":-4.664000034332275,"y":0.6307387948036194,"z":8.494000434875489},"rotation":{"x":0.4736890196800232,"y":-0.008717245422303677,"z":0.0046889460645616058,"w":0.8806388974189758},"size":1.0832414627075196,"orthographic":false}